[
{
  "model": "portal.session",
  "pk": 1,
  "fields": {
    "session": "2020 / 2021",
    "is_current_session": true,
    "next_session_begins": null
  }
},
{
  "model": "portal.session",
  "pk": 2,
  "fields": {
    "session": "2021/2022",
    "is_current_session": false,
    "next_session_begins": null
  }
},
{
  "model": "portal.session",
  "pk": 3,
  "fields": {
    "session": "2022/2023",
    "is_current_session": false,
    "next_session_begins": null
  }
},
{
  "model": "portal.session",
  "pk": 4,
  "fields": {
    "session": "2023/2024",
    "is_current_session": false,
    "next_session_begins": null
  }
},
{
  "model": "portal.semester",
  "pk": 1,
  "fields": {
    "semester": "First",
    "is_current_semester": false,
    "session": 1,
    "next_semester_begins": "2020-08-03"
  }
},
{
  "model": "portal.semester",
  "pk": 2,
  "fields": {
    "semester": "Second",
    "is_current_semester": true,
    "session": 1,
    "next_semester_begins": "2020-08-22"
  }
},
{
  "model": "portal.semester",
  "pk": 3,
  "fields": {
    "semester": "First",
    "is_current_semester": false,
    "session": 2,
    "next_semester_begins": "2020-09-03"
  }
},
{
  "model": "portal.semester",
  "pk": 4,
  "fields": {
    "semester": "Second",
    "is_current_semester": false,
    "session": 2,
    "next_semester_begins": "2020-10-03"
  }
},
{
  "model": "portal.user",
  "pk": 1,
  "fields": {
    "password": "pbkdf2_sha256$180000$MwAF81MjSLcu$jpMegNU0k4n/O3fS2MSDjt5LS8q75f2wopitEwzc8Qo=",
    "last_login": "2020-09-24T05:32:27.883Z",
    "is_superuser": true,
    "username": "ayo",
    "first_name": "",
    "last_name": "",
    "is_staff": true,
    "is_active": true,
    "date_joined": "2020-08-02T20:37:40.958Z",
    "is_student": false,
    "is_lecturer": false,
    "phone": null,
    "address": null,
    "picture": "",
    "email": "babalolapeter@icloud.com",
    "groups": [],
    "user_permissions": []
  }
},
{
  "model": "portal.user",
  "pk": 49,
  "fields": {
    "password": "pbkdf2_sha256$180000$myrOnnwRyizq$eR9SuZFosRKYDW+jeS6slwfkCPheS6aT2uIc8d+yR+o=",
    "last_login": "2020-09-24T07:22:57.140Z",
    "is_superuser": false,
    "username": "dvictory",
    "first_name": "Dennis",
    "last_name": "Victory",
    "is_staff": false,
    "is_active": true,
    "date_joined": "2020-08-03T09:46:42Z",
    "is_student": true,
    "is_lecturer": false,
    "phone": "+17864612860",
    "address": null,
    "picture": "",
    "email": "xxzzz.victory@inbox.testmail.app",
    "groups": [],
    "user_permissions": []
  }
},
{
  "model": "portal.user",
  "pk": 50,
  "fields": {
    "password": "pbkdf2_sha256$180000$vin1CLEW8hSZ$7GxnF5Fe+iNd5J7VFoPV8yZh5rIK0gKZ+8Z1yIzqVu4=",
    "last_login": "2020-09-23T22:10:42.086Z",
    "is_superuser": false,
    "username": "ababablola",
    "first_name": "Ayo",
    "last_name": "Babablola",
    "is_staff": false,
    "is_active": true,
    "date_joined": "2020-08-03T09:46:42Z",
    "is_student": true,
    "is_lecturer": false,
    "phone": "+17864653860",
    "address": null,
    "picture": "",
    "email": "xxzzz.babalola@inbox.testmail.app",
    "groups": [],
    "user_permissions": []
  }
},
{
  "model": "portal.user",
  "pk": 51,
  "fields": {
    "password": "pbkdf2_sha256$180000$2LHbTvoNJjTR$uXcvMMlB/iWr2VgyOaow+lX+ZoUs+eWLxZIwJmOQXlY=",
    "last_login": "2020-08-03T09:46:42.521Z",
    "is_superuser": false,
    "username": "ojames",
    "first_name": "Oyinda",
    "last_name": "James",
    "is_staff": false,
    "is_active": true,
    "date_joined": "2020-08-03T09:46:42Z",
    "is_student": true,
    "is_lecturer": false,
    "phone": "+17864653811",
    "address": null,
    "picture": "",
    "email": "xxzzz.oyinda@inbox.testmail.app",
    "groups": [],
    "user_permissions": []
  }
},
{
  "model": "portal.user",
  "pk": 52,
  "fields": {
    "password": "pbkdf2_sha256$180000$BcXrzONg93Os$riM0c6tG+kpv/5mVJk2z7dL+YY+Uon2i2cy0wbjlseM=",
    "last_login": "2020-08-03T09:46:42.521Z",
    "is_superuser": false,
    "username": "nsimar",
    "first_name": "Nadia",
    "last_name": "Simar",
    "is_staff": false,
    "is_active": true,
    "date_joined": "2020-08-03T09:46:42Z",
    "is_student": true,
    "is_lecturer": false,
    "phone": "+17864653321",
    "address": null,
    "picture": "",
    "email": "xxzzz.nadia@inbox.testmail.app",
    "groups": [],
    "user_permissions": []
  }
},
{
  "model": "portal.user",
  "pk": 53,
  "fields": {
    "password": "pbkdf2_sha256$180000$zdBLnBO5CgyC$WPOkXbUbteFXYgnf1eCuCXmz4XgalcNVz9ILCV/DMG4=",
    "last_login": "2020-08-03T09:46:42.521Z",
    "is_superuser": false,
    "username": "pgita",
    "first_name": "Pokhara",
    "last_name": "Gita",
    "is_staff": false,
    "is_active": true,
    "date_joined": "2020-08-03T09:46:42Z",
    "is_student": true,
    "is_lecturer": false,
    "phone": "+17868983860",
    "address": null,
    "picture": "",
    "email": "xxzzz.poka@inbox.testmail.app",
    "groups": [],
    "user_permissions": []
  }
},
{
  "model": "portal.user",
  "pk": 54,
  "fields": {
    "password": "pbkdf2_sha256$180000$9Jsos1ZbCzhl$LzAFw/dno5M/VNqgrJb+9CD6hFoh7OIvKS/YNtzJIcQ=",
    "last_login": "2020-08-03T09:46:42.521Z",
    "is_superuser": false,
    "username": "kram",
    "first_name": "Kathmandu",
    "last_name": "Ram",
    "is_staff": false,
    "is_active": true,
    "date_joined": "2020-08-03T09:46:42Z",
    "is_student": true,
    "is_lecturer": false,
    "phone": "+17994653860",
    "address": null,
    "picture": "",
    "email": "xxzzz.kat@inbox.testmail.app",
    "groups": [],
    "user_permissions": []
  }
},
{
  "model": "portal.user",
  "pk": 55,
  "fields": {
    "password": "pbkdf2_sha256$180000$3GrPIR6IF7oW$1nb1MAJHd91RLRJ1sqYV3L9n1W8tkJfaQ3mdHaKtz58=",
    "last_login": "2020-08-03T09:46:42.521Z",
    "is_superuser": false,
    "username": "mabram",
    "first_name": "Madu",
    "last_name": "Abram",
    "is_staff": false,
    "is_active": true,
    "date_joined": "2020-08-03T09:46:42Z",
    "is_student": true,
    "is_lecturer": false,
    "phone": "+17864653867",
    "address": null,
    "picture": "",
    "email": "xxzzz.madu@inbox.testmail.app",
    "groups": [],
    "user_permissions": []
  }
},
{
  "model": "portal.user",
  "pk": 56,
  "fields": {
    "password": "pbkdf2_sha256$180000$e61MTQjjMq4m$ygZPAvqGBTBiDv8Vb6DBEo/J3XKARFxxiwKQyOKlexA=",
    "last_login": "2020-08-03T09:46:42.521Z",
    "is_superuser": false,
    "username": "omuse",
    "first_name": "Oyelowo",
    "last_name": "Muse",
    "is_staff": false,
    "is_active": true,
    "date_joined": "2020-08-03T09:46:42Z",
    "is_student": true,
    "is_lecturer": false,
    "phone": "+13364653860",
    "address": null,
    "picture": "",
    "email": "xxzzz.muse@inbox.testmail.app",
    "groups": [],
    "user_permissions": []
  }
},
{
  "model": "portal.user",
  "pk": 57,
  "fields": {
    "password": "pbkdf2_sha256$180000$FI5h1EPCL9yJ$ElId8MhH7/nWX6w0dd2VEI8rqlSaqWH9z7tszCe/bfc=",
    "last_login": "2020-08-03T09:46:42.521Z",
    "is_superuser": false,
    "username": "ajohn",
    "first_name": "Alabi",
    "last_name": "John",
    "is_staff": false,
    "is_active": true,
    "date_joined": "2020-08-03T09:46:42Z",
    "is_student": true,
    "is_lecturer": false,
    "phone": "+17864703860",
    "address": null,
    "picture": "",
    "email": "xxzzz.john@inbox.testmail.app",
    "groups": [],
    "user_permissions": []
  }
},
{
  "model": "portal.user",
  "pk": 58,
  "fields": {
    "password": "pbkdf2_sha256$180000$f4BW5UCat0PF$EEqdZ0xaxj7RdVYcOX/0YY5VVCGJWswI/y1El7/L3iI=",
    "last_login": "2020-09-24T07:07:47.665Z",
    "is_superuser": false,
    "username": "apaul",
    "first_name": "Adeyeye",
    "last_name": "Paul",
    "is_staff": false,
    "is_active": true,
    "date_joined": "2020-08-03T09:46:42Z",
    "is_student": false,
    "is_lecturer": true,
    "phone": "+17864619325",
    "address": null,
    "picture": "",
    "email": "xxzzz.paul@inbox.testmail.app",
    "groups": [],
    "user_permissions": []
  }
},
{
  "model": "portal.user",
  "pk": 59,
  "fields": {
    "password": "pbkdf2_sha256$180000$puitzSIQlNhJ$3XHcUHlINiMDM09wYpTSRtsnhl3uuTjsEbhD0vidDF0=",
    "last_login": "2020-08-20T19:35:41.285Z",
    "is_superuser": false,
    "username": "jdoe",
    "first_name": "John",
    "last_name": "Doe",
    "is_staff": false,
    "is_active": true,
    "date_joined": "2020-08-03T09:46:42Z",
    "is_student": false,
    "is_lecturer": true,
    "phone": "+1234219325",
    "address": null,
    "picture": "",
    "email": "xxzzz.doe@inbox.testmail.app",
    "groups": [],
    "user_permissions": []
  }
},
{
  "model": "portal.user",
  "pk": 60,
  "fields": {
    "password": "pbkdf2_sha256$180000$cxVEbG6KDWM9$nRZ7nq0TEXQhZOA17I6I+E08ARaT0da7IOm5n0Ak1xE=",
    "last_login": "2020-08-03T09:46:42.521Z",
    "is_superuser": false,
    "username": "aolalekan",
    "first_name": "Adebayo",
    "last_name": "Olalekan",
    "is_staff": false,
    "is_active": true,
    "date_joined": "2020-08-03T09:46:42Z",
    "is_student": false,
    "is_lecturer": true,
    "phone": "+1234219215",
    "address": null,
    "picture": "",
    "email": "xxzzz.lekan@inbox.testmail.app",
    "groups": [],
    "user_permissions": []
  }
},
{
  "model": "portal.student",
  "pk": 48,
  "fields": {
    "user": 49,
    "id_number": "17/1000",
    "level": "100",
    "faculty": "FACULTY OF SCIENCE",
    "department": "COMPUTER SCIENCE"
  }
},
{
  "model": "portal.student",
  "pk": 49,
  "fields": {
    "user": 50,
    "id_number": "17/1001",
    "level": "100",
    "faculty": "FACULTY OF SCIENCE",
    "department": "COMPUTER SCIENCE"
  }
},
{
  "model": "portal.student",
  "pk": 50,
  "fields": {
    "user": 51,
    "id_number": "16/1102",
    "level": "200",
    "faculty": "FBMS",
    "department": "NURSING"
  }
},
{
  "model": "portal.student",
  "pk": 51,
  "fields": {
    "user": 52,
    "id_number": "18/0543",
    "level": "100",
    "faculty": "FOL",
    "department": "LAW"
  }
},
{
  "model": "portal.student",
  "pk": 52,
  "fields": {
    "user": 53,
    "id_number": "19/1052",
    "level": "300",
    "faculty": "FBSS",
    "department": "MASS COMMUNICATION"
  }
},
{
  "model": "portal.student",
  "pk": 53,
  "fields": {
    "user": 54,
    "id_number": "18/0541",
    "level": "100",
    "faculty": "FOA",
    "department": "RELIGIOUS STUDIES"
  }
},
{
  "model": "portal.student",
  "pk": 54,
  "fields": {
    "user": 55,
    "id_number": "15/0233",
    "level": "200",
    "faculty": "FBSS",
    "department": "ACCOUNTING"
  }
},
{
  "model": "portal.student",
  "pk": 55,
  "fields": {
    "user": 56,
    "id_number": "17/1023",
    "level": "300",
    "faculty": "FOE",
    "department": "CIVIL ENGINEERING"
  }
},
{
  "model": "portal.student",
  "pk": 56,
  "fields": {
    "user": 57,
    "id_number": "15/0237",
    "level": "100",
    "faculty": "FOS",
    "department": "CHEMISTRY"
  }
},
{
  "model": "portal.course",
  "pk": 58,
  "fields": {
    "courseTitle": "Databases",
    "courseCode": "CSC131",
    "courseUnit": "3",
    "description": "Introduction to Databases",
    "level": "100",
    "semester": "First",
    "is_elective": false
  }
},
{
  "model": "portal.course",
  "pk": 59,
  "fields": {
    "courseTitle": "C#",
    "courseCode": "CSC121",
    "courseUnit": "3",
    "description": "Programming in C#",
    "level": "100",
    "semester": "First",
    "is_elective": false
  }
},
{
  "model": "portal.course",
  "pk": 60,
  "fields": {
    "courseTitle": "Psychology",
    "courseCode": "GES101",
    "courseUnit": "2",
    "description": "Intro to Psyche",
    "level": "100",
    "semester": "First",
    "is_elective": false
  }
},
{
  "model": "portal.course",
  "pk": 61,
  "fields": {
    "courseTitle": "Philosophy",
    "courseCode": "GES100",
    "courseUnit": "2",
    "description": "Philosophy of Christian Education",
    "level": "100",
    "semester": "First",
    "is_elective": false
  }
},
{
  "model": "portal.course",
  "pk": 62,
  "fields": {
    "courseTitle": "Intro C++2",
    "courseCode": "CSC102",
    "courseUnit": "3",
    "description": "This course introduces students to c++2",
    "level": "100",
    "semester": "Second",
    "is_elective": false
  }
},
{
  "model": "portal.course",
  "pk": 63,
  "fields": {
    "courseTitle": "Java2",
    "courseCode": "CSC112",
    "courseUnit": "3",
    "description": "This is Programming in Java2",
    "level": "100",
    "semester": "Second",
    "is_elective": false
  }
},
{
  "model": "portal.course",
  "pk": 64,
  "fields": {
    "courseTitle": "C2",
    "courseCode": "CSC142",
    "courseUnit": "3",
    "description": "Programming in C 2",
    "level": "100",
    "semester": "Second",
    "is_elective": false
  }
},
{
  "model": "portal.course",
  "pk": 65,
  "fields": {
    "courseTitle": "Databases2",
    "courseCode": "CSC132",
    "courseUnit": "3",
    "description": "Introduction to Databases 2",
    "level": "100",
    "semester": "Second",
    "is_elective": false
  }
},
{
  "model": "portal.course",
  "pk": 66,
  "fields": {
    "courseTitle": "C#2",
    "courseCode": "CSC122",
    "courseUnit": "3",
    "description": "Programming in C# 2",
    "level": "100",
    "semester": "Second",
    "is_elective": false
  }
},
{
  "model": "portal.course",
  "pk": 67,
  "fields": {
    "courseTitle": "Psychology2",
    "courseCode": "GES102",
    "courseUnit": "2",
    "description": "Intro to Psyche 2",
    "level": "100",
    "semester": "Second",
    "is_elective": false
  }
},
{
  "model": "portal.course",
  "pk": 69,
  "fields": {
    "courseTitle": "Intro C++",
    "courseCode": "CSC101",
    "courseUnit": "3",
    "description": "This course introduces students to c++",
    "level": "100",
    "semester": "First",
    "is_elective": false
  }
},
{
  "model": "portal.course",
  "pk": 70,
  "fields": {
    "courseTitle": "Java",
    "courseCode": "CSC111",
    "courseUnit": "3",
    "description": "This is Programming in Java",
    "level": "100",
    "semester": "First",
    "is_elective": false
  }
},
{
  "model": "portal.course",
  "pk": 71,
  "fields": {
    "courseTitle": "C",
    "courseCode": "CSC141",
    "courseUnit": "3",
    "description": "Programming in C",
    "level": "100",
    "semester": "First",
    "is_elective": false
  }
},
{
  "model": "portal.courseallocation",
  "pk": 1,
  "fields": {
    "lecturer": 58,
    "session": null,
    "courses": [
      58,
      62,
      63,
      64,
      65,
      66,
      67,
      69,
      70,
      71
    ]
  }
},
{
  "model": "portal.courseallocation",
  "pk": 2,
  "fields": {
    "lecturer": 59,
    "session": null,
    "courses": [
      59,
      60,
      61
    ]
  }
},
{
  "model": "portal.carryoverstudent",
  "pk": 1,
  "fields": {
    "student": 49,
    "course": 62,
    "semester": null,
    "session": null,
    "level": null
  }
},
{
  "model": "portal.takencourse",
  "pk": 28,
  "fields": {
    "student": 48,
    "course": 69,
    "ca": 40,
    "exam": 50,
    "total": 90,
    "grade": "A",
    "comment": "PASS"
  }
},
{
  "model": "portal.takencourse",
  "pk": 29,
  "fields": {
    "student": 48,
    "course": 70,
    "ca": 40,
    "exam": 50,
    "total": 90,
    "grade": "A",
    "comment": "PASS"
  }
},
{
  "model": "portal.takencourse",
  "pk": 30,
  "fields": {
    "student": 48,
    "course": 71,
    "ca": 40,
    "exam": 20,
    "total": 60,
    "grade": "B",
    "comment": "PASS"
  }
},
{
  "model": "portal.takencourse",
  "pk": 31,
  "fields": {
    "student": 48,
    "course": 58,
    "ca": 40,
    "exam": 50,
    "total": 90,
    "grade": "A",
    "comment": "PASS"
  }
},
{
  "model": "portal.takencourse",
  "pk": 32,
  "fields": {
    "student": 48,
    "course": 59,
    "ca": 35,
    "exam": 50,
    "total": 85,
    "grade": "A",
    "comment": "PASS"
  }
},
{
  "model": "portal.takencourse",
  "pk": 33,
  "fields": {
    "student": 48,
    "course": 60,
    "ca": 35,
    "exam": 50,
    "total": 85,
    "grade": "A",
    "comment": "PASS"
  }
},
{
  "model": "portal.takencourse",
  "pk": 34,
  "fields": {
    "student": 48,
    "course": 61,
    "ca": 35,
    "exam": 50,
    "total": 85,
    "grade": "A",
    "comment": "PASS"
  }
},
{
  "model": "portal.takencourse",
  "pk": 35,
  "fields": {
    "student": 48,
    "course": 62,
    "ca": 40,
    "exam": 40,
    "total": 80,
    "grade": "A",
    "comment": "PASS"
  }
},
{
  "model": "portal.takencourse",
  "pk": 36,
  "fields": {
    "student": 48,
    "course": 63,
    "ca": 40,
    "exam": 40,
    "total": 80,
    "grade": "A",
    "comment": "PASS"
  }
},
{
  "model": "portal.takencourse",
  "pk": 37,
  "fields": {
    "student": 48,
    "course": 64,
    "ca": 40,
    "exam": 40,
    "total": 80,
    "grade": "A",
    "comment": "PASS"
  }
},
{
  "model": "portal.takencourse",
  "pk": 38,
  "fields": {
    "student": 48,
    "course": 65,
    "ca": 40,
    "exam": 40,
    "total": 80,
    "grade": "A",
    "comment": "PASS"
  }
},
{
  "model": "portal.takencourse",
  "pk": 39,
  "fields": {
    "student": 48,
    "course": 66,
    "ca": 40,
    "exam": 25,
    "total": 65,
    "grade": "B",
    "comment": "PASS"
  }
},
{
  "model": "portal.takencourse",
  "pk": 40,
  "fields": {
    "student": 48,
    "course": 67,
    "ca": 40,
    "exam": 25,
    "total": 65,
    "grade": "B",
    "comment": "PASS"
  }
},
{
  "model": "portal.takencourse",
  "pk": 41,
  "fields": {
    "student": 49,
    "course": 58,
    "ca": 0,
    "exam": 0,
    "total": 0,
    "grade": "",
    "comment": ""
  }
},
{
  "model": "portal.takencourse",
  "pk": 42,
  "fields": {
    "student": 49,
    "course": 59,
    "ca": 0,
    "exam": 0,
    "total": 0,
    "grade": "",
    "comment": ""
  }
},
{
  "model": "portal.takencourse",
  "pk": 43,
  "fields": {
    "student": 49,
    "course": 60,
    "ca": 0,
    "exam": 0,
    "total": 0,
    "grade": "",
    "comment": ""
  }
},
{
  "model": "portal.takencourse",
  "pk": 44,
  "fields": {
    "student": 49,
    "course": 61,
    "ca": 0,
    "exam": 0,
    "total": 0,
    "grade": "",
    "comment": ""
  }
},
{
  "model": "portal.takencourse",
  "pk": 45,
  "fields": {
    "student": 49,
    "course": 69,
    "ca": 0,
    "exam": 0,
    "total": 0,
    "grade": "",
    "comment": ""
  }
},
{
  "model": "portal.takencourse",
  "pk": 46,
  "fields": {
    "student": 49,
    "course": 70,
    "ca": 0,
    "exam": 0,
    "total": 0,
    "grade": "",
    "comment": ""
  }
},
{
  "model": "portal.takencourse",
  "pk": 47,
  "fields": {
    "student": 49,
    "course": 71,
    "ca": 0,
    "exam": 0,
    "total": 0,
    "grade": "",
    "comment": ""
  }
},
{
  "model": "portal.takencourse",
  "pk": 48,
  "fields": {
    "student": 49,
    "course": 62,
    "ca": 5,
    "exam": 30,
    "total": 35,
    "grade": "F",
    "comment": "FAIL"
  }
},
{
  "model": "portal.takencourse",
  "pk": 49,
  "fields": {
    "student": 49,
    "course": 63,
    "ca": 0,
    "exam": 0,
    "total": 0,
    "grade": "",
    "comment": ""
  }
},
{
  "model": "portal.takencourse",
  "pk": 50,
  "fields": {
    "student": 49,
    "course": 64,
    "ca": 0,
    "exam": 0,
    "total": 0,
    "grade": "",
    "comment": ""
  }
},
{
  "model": "portal.takencourse",
  "pk": 51,
  "fields": {
    "student": 49,
    "course": 65,
    "ca": 0,
    "exam": 0,
    "total": 0,
    "grade": "",
    "comment": ""
  }
},
{
  "model": "portal.takencourse",
  "pk": 52,
  "fields": {
    "student": 49,
    "course": 66,
    "ca": 0,
    "exam": 0,
    "total": 0,
    "grade": "",
    "comment": ""
  }
},
{
  "model": "portal.takencourse",
  "pk": 53,
  "fields": {
    "student": 49,
    "course": 67,
    "ca": 0,
    "exam": 0,
    "total": 0,
    "grade": "",
    "comment": ""
  }
},
{
  "model": "portal.result",
  "pk": 1,
  "fields": {
    "student": 48,
    "gpa": 4.8,
    "cgpa": null,
    "semester": "First",
    "session": "2020 / 2021",
    "level": "100"
  }
},
{
  "model": "portal.result",
  "pk": 2,
  "fields": {
    "student": 48,
    "gpa": 4.7,
    "cgpa": 4.78,
    "semester": "Second",
    "session": "2020 / 2021",
    "level": "100"
  }
},
{
  "model": "portal.result",
  "pk": 3,
  "fields": {
    "student": 49,
    "gpa": 0.0,
    "cgpa": 0.0,
    "semester": "Second",
    "session": "2020 / 2021",
    "level": "100"
  }
},
{
  "model": "portal.resultrender",
  "pk": 1,
  "fields": {
    "toggle": true
  }
}
]
